timestamp,value
2014-02-16 00:02:00,2.118
2014-02-16 00:07:00,2.35
2014-02-16 00:12:00,2.234
2014-02-16 00:17:00,2.334
2014-02-16 00:22:00,3.566
2014-02-16 00:27:00,2.31
2014-02-16 00:32:00,2.14
2014-02-16 00:37:00,2.36
2014-02-16 00:42:00,2.106
2014-02-16 00:47:00,2.272
2014-02-16 00:52:00,2.162
2014-02-16 00:57:00,2.412
2014-02-16 01:02:00,2.116
2014-02-16 01:07:00,2.318
2014-02-16 01:12:00,3.526
2014-02-16 01:17:00,2.414
2014-02-16 01:22:00,2.22
2014-02-16 01:27:00,2.412
2014-02-16 01:32:00,2.12
2014-02-16 01:37:00,2.376
2014-02-16 01:42:00,2.124
2014-02-16 01:47:00,2.426
2014-02-16 01:52:00,2.288
2014-02-16 01:57:00,2.318
2014-02-16 02:02:00,2.116
2014-02-16 02:07:00,2.3
2014-02-16 02:12:00,3.376
2014-02-16 02:17:00,2.334
2014-02-16 02:22:00,2.05
2014-02-16 02:27:00,2.328
2014-02-16 02:32:00,2.1
2014-02-16 02:37:00,2.366
2014-02-16 02:42:00,2.164
2014-02-16 02:47:00,2.334
2014-02-16 02:52:00,2.114
2014-02-16 02:57:00,2.396
2014-02-16 03:02:00,2.12
2014-02-16 03:07:00,2.336
2014-02-16 03:12:00,2.2
2014-02-16 03:17:00,2.266
2014-02-16 03:22:00,3.742
2014-02-16 03:27:00,2.396
2014-02-16 03:32:00,2.084
2014-02-16 03:37:00,2.338
2014-02-16 03:42:00,2.122
2014-02-16 03:47:00,2.334
2014-02-16 03:52:00,2.33
2014-02-16 03:57:00,2.404
2014-02-16 04:02:00,2.052
2014-02-16 04:07:00,2.284
2014-02-16 04:12:00,2.118
2014-02-16 04:17:00,2.264
2014-02-16 04:22:00,3.43
2014-02-16 04:27:00,2.3
2014-02-16 04:32:00,2.096
2014-02-16 04:37:00,2.336
2014-02-16 04:42:00,2.072
2014-02-16 04:47:00,2.234
2014-02-16 04:52:00,2.17
2014-02-16 04:57:00,2.368
2014-02-16 05:02:00,2.05
2014-02-16 05:07:00,2.342
2014-02-16 05:12:00,3.38
2014-02-16 05:17:00,2.328
2014-02-16 05:22:00,2.102
2014-02-16 05:27:00,2.334
2014-02-16 05:32:00,2.066
2014-02-16 05:37:00,2.2
2014-02-16 05:42:00,2.094
2014-02-16 05:47:00,2.424
2014-02-16 05:52:00,2.08
2014-02-16 05:57:00,2.28
2014-02-16 06:02:00,2.096
2014-02-16 06:07:00,3.634
2014-02-16 06:12:00,2.05
2014-02-16 06:17:00,2.184
2014-02-16 06:22:00,2.098
2014-02-16 06:27:00,2.284
2014-02-16 06:32:00,2.12
2014-02-16 06:37:00,2.336
2014-02-16 06:42:00,2.102
2014-02-16 06:47:00,2.302
2014-02-16 06:52:00,2.146
2014-02-16 06:57:00,2.378
2014-02-16 07:02:00,2.15
2014-02-16 07:07:00,2.352
2014-02-16 07:12:00,3.46
2014-02-16 07:17:00,2.292
2014-02-16 07:22:00,2.08
2014-02-16 07:27:00,2.252
2014-02-16 07:32:00,2.144
2014-02-16 07:37:00,2.644
2014-02-16 07:42:00,2.062
2014-02-16 07:47:00,2.162
2014-02-16 07:52:00,1.936
2014-02-16 07:57:00,2.196
2014-02-16 08:02:00,1.996
2014-02-16 08:07:00,2.254
2014-02-16 08:12:00,1.932
2014-02-16 08:17:00,2.172
2014-02-16 08:22:00,3.226
2014-02-16 08:27:00,2.116
2014-02-16 08:32:00,1.98
2014-02-16 08:37:00,2.196
2014-02-16 08:42:00,1.95
2014-02-16 08:47:00,2.208
2014-02-16 08:52:00,1.934
2014-02-16 08:57:00,2.296
2014-02-16 09:02:00,2.002
2014-02-16 09:07:00,2.162
2014-02-16 09:12:00,3.268
2014-02-16 09:17:00,2.26
2014-02-16 09:22:00,2.006
2014-02-16 09:27:00,2.168
2014-02-16 09:32:00,2.234
2014-02-16 09:37:00,2.166
2014-02-16 09:42:00,2.016
2014-02-16 09:47:00,2.066
2014-02-16 09:52:00,1.998
2014-02-16 09:57:00,2.216
2014-02-16 10:02:00,1.962
2014-02-16 10:07:00,2.146
2014-02-16 10:12:00,1.966
2014-02-16 10:17:00,3.44
2014-02-16 10:22:00,1.946
2014-02-16 10:27:00,2.138
2014-02-16 10:32:00,1.994
2014-02-16 10:37:00,2.156
2014-02-16 10:42:00,1.944
2014-02-16 10:47:00,2.26
2014-02-16 10:52:00,1.984
2014-02-16 10:57:00,2.25
2014-02-16 11:02:00,2.02
2014-02-16 11:07:00,2.234
2014-02-16 11:12:00,2.066
2014-02-16 11:17:00,3.67
2014-02-16 11:22:00,2.016
2014-02-16 11:27:00,2.202
2014-02-16 11:32:00,2.01
2014-02-16 11:37:00,2.126
2014-02-16 11:42:00,1.916
2014-02-16 11:47:00,2.116
2014-02-16 11:52:00,1.936
2014-02-16 11:57:00,2.152
2014-02-16 12:02:00,2.05
2014-02-16 12:07:00,2.152
2014-02-16 12:12:00,2.012
2014-02-16 12:17:00,2.116
2014-02-16 12:22:00,3.298
2014-02-16 12:27:00,2.116
2014-02-16 12:32:00,2.01
2014-02-16 12:37:00,2.252
2014-02-16 12:42:00,1.936
2014-02-16 12:47:00,2.182
2014-02-16 12:52:00,2.016
2014-02-16 12:57:00,2.346
2014-02-16 13:02:00,1.984
2014-02-16 13:07:00,2.202
2014-02-16 13:12:00,3.334
2014-02-16 13:17:00,2.23
2014-02-16 13:22:00,2.018
2014-02-16 13:27:00,2.102
2014-02-16 13:32:00,1.966
2014-02-16 13:37:00,2.168
2014-02-16 13:42:00,1.934
2014-02-16 13:47:00,2.116
2014-02-16 13:52:00,1.934
2014-02-16 13:57:00,2.2
2014-02-16 14:02:00,2.032
2014-02-16 14:07:00,2.18
2014-02-16 14:12:00,3.266
2014-02-16 14:17:00,2.248
2014-02-16 14:22:00,2.046
2014-02-16 14:27:00,2.396
2014-02-16 14:32:00,1.918
2014-02-16 14:37:00,2.136
2014-02-16 14:42:00,2.032
2014-02-16 14:47:00,2.166
2014-02-16 14:52:00,1.996
2014-02-16 14:57:00,2.152
2014-02-16 15:02:00,1.996
2014-02-16 15:07:00,2.1
2014-02-16 15:12:00,1.98
2014-02-16 15:17:00,3.474
2014-02-16 15:22:00,1.99
2014-02-16 15:27:00,2.116
2014-02-16 15:32:00,1.944
2014-02-16 15:37:00,2.192
2014-02-16 15:42:00,1.996
2014-02-16 15:47:00,2.196
2014-02-16 15:52:00,1.956
2014-02-16 15:57:00,2.214
2014-02-16 16:02:00,2.022
2014-02-16 16:07:00,2.142
2014-02-16 16:12:00,1.924
2014-02-16 16:17:00,3.45
2014-02-16 16:22:00,1.886
2014-02-16 16:27:00,2.124
2014-02-16 16:32:00,1.956
2014-02-16 16:37:00,2.192
2014-02-16 16:42:00,1.938
2014-02-16 16:47:00,2.154
2014-02-16 16:52:00,1.906
2014-02-16 16:57:00,2.15
2014-02-16 17:02:00,2
2014-02-16 17:07:00,3.4
2014-02-16 17:12:00,2.036
2014-02-16 17:17:00,2.182
2014-02-16 17:22:00,1.868
2014-02-16 17:27:00,2.242
2014-02-16 17:32:00,2.04
2014-02-16 17:37:00,2.136
2014-02-16 17:42:00,2.034
2014-02-16 17:47:00,2.244
2014-02-16 17:52:00,1.956
2014-02-16 17:57:00,2.112
2014-02-16 18:02:00,1.966
2014-02-16 18:07:00,2.084
2014-02-16 18:12:00,1.918
2014-02-16 18:17:00,2.062
2014-02-16 18:22:00,3.236
2014-02-16 18:27:00,2.112
2014-02-16 18:32:00,2.016
2014-02-16 18:37:00,2.13
2014-02-16 18:42:00,1.962
2014-02-16 18:47:00,2.148
2014-02-16 18:52:00,1.95
2014-02-16 18:57:00,2.334
2014-02-16 19:02:00,1.934
2014-02-16 19:07:00,2.096
2014-02-16 19:12:00,2.02
2014-02-16 19:17:00,2.1
2014-02-16 19:22:00,3.192
2014-02-16 19:27:00,2.062
2014-02-16 19:32:00,1.894
2014-02-16 19:37:00,2.088
2014-02-16 19:42:00,1.966
2014-02-16 19:47:00,2.134
2014-02-16 19:52:00,1.968
2014-02-16 19:57:00,2.216
2014-02-16 20:02:00,1.94
2014-02-16 20:07:00,2.142
2014-02-16 20:12:00,1.998
2014-02-16 20:17:00,3.35
2014-02-16 20:22:00,2.064
2014-02-16 20:27:00,2.042
2014-02-16 20:32:00,1.916
2014-02-16 20:37:00,2.124
2014-02-16 20:42:00,1.854
2014-02-16 20:47:00,2.046
2014-02-16 20:52:00,1.894
2014-02-16 20:57:00,2.11
2014-02-16 21:02:00,1.884
2014-02-16 21:07:00,2.114
2014-02-16 21:12:00,1.924
2014-02-16 21:17:00,2.074
2014-02-16 21:22:00,3.218
2014-02-16 21:27:00,2.086
2014-02-16 21:32:00,1.884
2014-02-16 21:37:00,2.108
2014-02-16 21:42:00,1.988
2014-02-16 21:47:00,2.034
2014-02-16 21:52:00,1.896
2014-02-16 21:57:00,3.416
2014-02-16 22:02:00,1.918
2014-02-16 22:07:00,2.11
2014-02-16 22:12:00,1.854
2014-02-16 22:17:00,2.036
2014-02-16 22:22:00,3.162
2014-02-16 22:27:00,2.03
2014-02-16 22:32:00,1.898
2014-02-16 22:37:00,2
2014-02-16 22:42:00,1.864
2014-02-16 22:47:00,2.046
2014-02-16 22:52:00,1.93
2014-02-16 22:57:00,2.106
2014-02-16 23:02:00,2.02
2014-02-16 23:07:00,2.016
2014-02-16 23:12:00,3.146
2014-02-16 23:17:00,2.05
2014-02-16 23:22:00,1.816
2014-02-16 23:27:00,2.046
2014-02-16 23:32:00,1.834
2014-02-16 23:37:00,2.096
2014-02-16 23:42:00,1.862
2014-02-16 23:47:00,2.054
2014-02-16 23:52:00,1.91
2014-02-16 23:57:00,2.172
2014-02-17 00:02:00,1.986
2014-02-17 00:07:00,2.152
2014-02-17 00:12:00,1.986
2014-02-17 00:17:00,3.532
2014-02-17 00:22:00,1.854
2014-02-17 00:27:00,2.144
2014-02-17 00:32:00,1.872
2014-02-17 00:37:00,2.036
2014-02-17 00:42:00,1.864
2014-02-17 00:47:00,2.042
2014-02-17 00:52:00,1.846
2014-02-17 00:57:00,2.142
2014-02-17 01:02:00,1.84
2014-02-17 01:07:00,3.338
2014-02-17 01:12:00,1.806
2014-02-17 01:17:00,2.032
2014-02-17 01:22:00,1.816
2014-02-17 01:27:00,2.116
2014-02-17 01:32:00,2.034
2014-02-17 01:37:00,2.034
2014-02-17 01:42:00,1.866
2014-02-17 01:47:00,1.996
2014-02-17 01:52:00,1.886
2014-02-17 01:57:00,2.152
2014-02-17 02:02:00,1.902
2014-02-17 02:07:00,2.16
2014-02-17 02:12:00,1.906
2014-02-17 02:17:00,3.352
2014-02-17 02:22:00,2.002
2014-02-17 02:27:00,2.186
2014-02-17 02:32:00,1.974
2014-02-17 02:37:00,2.192
2014-02-17 02:42:00,2.11
2014-02-17 02:47:00,2.092
2014-02-17 02:52:00,1.916
2014-02-17 02:57:00,2.2
2014-02-17 03:02:00,4.534
2014-02-17 03:07:00,2.716
2014-02-17 03:12:00,3.974
2014-02-17 03:17:00,2.576
2014-02-17 03:22:00,2.366
2014-02-17 03:27:00,2.398
2014-02-17 03:32:00,2.166
2014-02-17 03:37:00,2.332
2014-02-17 03:42:00,2.07
2014-02-17 03:47:00,2.346
2014-02-17 03:52:00,2.17
2014-02-17 03:57:00,2.324
2014-02-17 04:02:00,2.106
2014-02-17 04:07:00,2.284
2014-02-17 04:12:00,3.49
2014-02-17 04:17:00,2.29
2014-02-17 04:22:00,2.224
2014-02-17 04:27:00,2.674
2014-02-17 04:32:00,2.134
2014-02-17 04:37:00,4.624
2014-02-17 04:42:00,2.424
2014-02-17 04:47:00,2.358
2014-02-17 04:52:00,2.204
2014-02-17 04:57:00,2.464
2014-02-17 05:02:00,2.232
2014-02-17 05:07:00,2.374
2014-02-17 05:12:00,6.09
2014-02-17 05:17:00,2.872
2014-02-17 05:22:00,2.62
2014-02-17 05:27:00,2.7
2014-02-17 05:32:00,2.666
2014-02-17 05:37:00,2.834
2014-02-17 05:42:00,6.412
2014-02-17 05:47:00,60.19
2014-02-17 05:52:00,54
2014-02-17 05:57:00,48.916
2014-02-17 06:02:00,8.41
2014-02-17 06:07:00,67.948
2014-02-17 06:12:00,53.922
2014-02-17 06:17:00,63.722
2014-02-17 06:22:00,61.076
2014-02-17 06:27:00,53.794
2014-02-17 06:32:00,44.366
2014-02-17 06:37:00,61.794
2014-02-17 06:42:00,56.262
2014-02-17 06:47:00,55.512
2014-02-17 06:52:00,57.266
2014-02-17 06:57:00,54.302
2014-02-17 07:02:00,35.436
2014-02-17 07:07:00,66.044
2014-02-17 07:12:00,55.626
2014-02-17 07:17:00,20.18
2014-02-17 07:22:00,19.206
2014-02-17 07:27:00,72.376
2014-02-17 07:32:00,53.284
2014-02-17 07:37:00,25.74
2014-02-17 07:42:00,8.932
2014-02-17 07:47:00,67.426
2014-02-17 07:52:00,53.762
2014-02-17 07:57:00,43.284
2014-02-17 08:02:00,8.716
2014-02-17 08:07:00,3.446
2014-02-17 08:12:00,3.334
2014-02-17 08:17:00,4.598
2014-02-17 08:22:00,3.298
2014-02-17 08:27:00,3.184
2014-02-17 08:32:00,3.33
2014-02-17 08:37:00,3.166
2014-02-17 08:42:00,3.33
2014-02-17 08:47:00,3.132
2014-02-17 08:52:00,3.284
2014-02-17 08:57:00,6.55
2014-02-17 09:02:00,8.916
2014-02-17 09:07:00,3.068
2014-02-17 09:12:00,3.064
2014-02-17 09:17:00,4.364
2014-02-17 09:22:00,3.046
2014-02-17 09:27:00,3.092
2014-02-17 09:32:00,3.05
2014-02-17 09:37:00,2.984
2014-02-17 09:42:00,3.13
2014-02-17 09:47:00,2.998
2014-02-17 09:52:00,3.054
2014-02-17 09:57:00,3.168
2014-02-17 10:02:00,3.176
2014-02-17 10:07:00,3.184
2014-02-17 10:12:00,4.314
2014-02-17 10:17:00,3.048
2014-02-17 10:22:00,3.066
2014-02-17 10:27:00,3.234
2014-02-17 10:32:00,3.142
2014-02-17 10:37:00,3.08
2014-02-17 10:42:00,3.064
2014-02-17 10:47:00,3.016
2014-02-17 10:52:00,3.2
2014-02-17 10:57:00,3.084
2014-02-17 11:02:00,3.232
2014-02-17 11:07:00,3.2
2014-02-17 11:12:00,3.166
2014-02-17 11:17:00,5.9
2014-02-17 11:22:00,8.872
2014-02-17 11:27:00,10.222
2014-02-17 11:32:00,11.1
2014-02-17 11:37:00,12
2014-02-17 11:42:00,72.784
2014-02-17 11:47:00,55.62
2014-02-17 11:52:00,28.182
2014-02-17 11:57:00,3.15
2014-02-17 12:02:00,3.164
2014-02-17 12:07:00,3.016
2014-02-17 12:12:00,3.218
2014-02-17 12:17:00,4.436
2014-02-17 12:22:00,3.148
2014-02-17 12:27:00,3.066
2014-02-17 12:32:00,3.166
2014-02-17 12:37:00,3.184
2014-02-17 12:42:00,3.214
2014-02-17 12:47:00,3.182
2014-02-17 12:52:00,3.232
2014-02-17 12:57:00,3.13
2014-02-17 13:02:00,3.314
2014-02-17 13:07:00,3.182
2014-02-17 13:12:00,3.166
2014-02-17 13:17:00,4.346
2014-02-17 13:22:00,3.284
2014-02-17 13:27:00,3.232
2014-02-17 13:32:00,3.116
2014-02-17 13:37:00,3.05
2014-02-17 13:42:00,3.234
2014-02-17 13:47:00,3.166
2014-02-17 13:52:00,3.18
2014-02-17 13:57:00,3.184
2014-02-17 14:02:00,3.182
2014-02-17 14:07:00,3.95
2014-02-17 14:12:00,68.162
2014-02-17 14:17:00,56.242
2014-02-17 14:22:00,45.324
2014-02-17 14:27:00,4
2014-02-17 14:32:00,4.806
2014-02-17 14:37:00,5.966
2014-02-17 14:42:00,5.85
2014-02-17 14:47:00,4.416
2014-02-17 14:52:00,4.096
2014-02-17 14:57:00,3.968
2014-02-17 15:02:00,3.98
2014-02-17 15:07:00,3.934
2014-02-17 15:12:00,5.834
2014-02-17 15:17:00,5.214
2014-02-17 15:22:00,3.06
2014-02-17 15:27:00,3.216
2014-02-17 15:32:00,3.334
2014-02-17 15:37:00,3.234
2014-02-17 15:42:00,3.466
2014-02-17 15:47:00,3.25
2014-02-17 15:52:00,3.45
2014-02-17 15:57:00,3.522
2014-02-17 16:02:00,3.31
2014-02-17 16:07:00,4.518
2014-02-17 16:12:00,3.614
2014-02-17 16:17:00,3.124
2014-02-17 16:22:00,3.098
2014-02-17 16:27:00,3.08
2014-02-17 16:32:00,3.238
2014-02-17 16:37:00,3.196
2014-02-17 16:42:00,3.25
2014-02-17 16:47:00,3.2
2014-02-17 16:52:00,3.134
2014-02-17 16:57:00,3.128
2014-02-17 17:02:00,3.286
2014-02-17 17:07:00,3.266
2014-02-17 17:12:00,3.228
2014-02-17 17:17:00,4.216
2014-02-17 17:22:00,3.416
2014-02-17 17:27:00,3.034
2014-02-17 17:32:00,3.25
2014-02-17 17:37:00,3.382
2014-02-17 17:42:00,3.322
2014-02-17 17:47:00,3.126
2014-02-17 17:52:00,4.362
2014-02-17 17:57:00,4.082
2014-02-17 18:02:00,4.332
2014-02-17 18:07:00,4.236
2014-02-17 18:12:00,8.784
2014-02-17 18:17:00,5.504
2014-02-17 18:22:00,3.952
2014-02-17 18:27:00,4.244
2014-02-17 18:32:00,4.184
2014-02-17 18:37:00,4.366
2014-02-17 18:42:00,4.314
2014-02-17 18:47:00,4.296
2014-02-17 18:52:00,5.68
2014-02-17 18:57:00,3.19
2014-02-17 19:02:00,3.066
2014-02-17 19:07:00,2.984
2014-02-17 19:12:00,4.442
2014-02-17 19:17:00,3.114
2014-02-17 19:22:00,3.084
2014-02-17 19:27:00,3.016
2014-02-17 19:32:00,3.198
2014-02-17 19:37:00,3.098
2014-02-17 19:42:00,3.182
2014-02-17 19:47:00,3.116
2014-02-17 19:52:00,3.232
2014-02-17 19:57:00,3.152
2014-02-17 20:02:00,3.316
2014-02-17 20:07:00,4.412
2014-02-17 20:12:00,3.252
2014-02-17 20:17:00,3.242
2014-02-17 20:22:00,3.184
2014-02-17 20:27:00,3.15
2014-02-17 20:32:00,3.436
2014-02-17 20:37:00,3.294
2014-02-17 20:42:00,3.282
2014-02-17 20:47:00,3.45
2014-02-17 20:52:00,3.298
2014-02-17 20:57:00,3.232
2014-02-17 21:02:00,3.266
2014-02-17 21:07:00,3.288
2014-02-17 21:12:00,4.426
2014-02-17 21:17:00,3.116
2014-02-17 21:22:00,3.314
2014-02-17 21:27:00,3.152
2014-02-17 21:32:00,3.25
2014-02-17 21:37:00,3.196
2014-02-17 21:42:00,3.25
2014-02-17 21:47:00,3.198
2014-02-17 21:52:00,3.166
2014-02-17 21:57:00,4.632
2014-02-17 22:02:00,3.214
2014-02-17 22:07:00,3.268
2014-02-17 22:12:00,3.11
2014-02-17 22:17:00,4.396
2014-02-17 22:22:00,3.366
2014-02-17 22:27:00,3.29
2014-02-17 22:32:00,3.074
2014-02-17 22:37:00,3.216
2014-02-17 22:42:00,3.048
2014-02-17 22:47:00,3.184
2014-02-17 22:52:00,3.05
2014-02-17 22:57:00,3.218
2014-02-17 23:02:00,3.066
2014-02-17 23:07:00,3.05
2014-02-17 23:12:00,3.28
2014-02-17 23:17:00,4.59
2014-02-17 23:22:00,64.638
2014-02-17 23:27:00,52.118
2014-02-17 23:32:00,44.85
2014-02-17 23:37:00,3.734
2014-02-17 23:42:00,4.184
2014-02-17 23:47:00,5
2014-02-17 23:52:00,9.294
2014-02-17 23:57:00,7.38
2014-02-18 00:02:00,37.984
2014-02-18 00:07:00,62.838
2014-02-18 00:12:00,53.72
2014-02-18 00:17:00,15.466
2014-02-18 00:22:00,4.25
2014-02-18 00:27:00,5.616
2014-02-18 00:32:00,2.766
2014-02-18 00:37:00,8.582
2014-02-18 00:42:00,4.3
2014-02-18 00:47:00,4.532
2014-02-18 00:52:00,19.874
2014-02-18 00:57:00,68.754
2014-02-18 01:02:00,53.204
2014-02-18 01:07:00,23.216
2014-02-18 01:12:00,2.698
2014-02-18 01:17:00,2.534
2014-02-18 01:22:00,3.796
2014-02-18 01:27:00,2.45
2014-02-18 01:32:00,2.618
2014-02-18 01:37:00,2.558
2014-02-18 01:42:00,2.34
2014-02-18 01:47:00,8.766
2014-02-18 01:52:00,6.134
2014-02-18 01:57:00,4.566
2014-02-18 02:02:00,10.948
2014-02-18 02:07:00,6.916
2014-02-18 02:12:00,11.528
2014-02-18 02:17:00,5.372
2014-02-18 02:22:00,3.076
2014-02-18 02:27:00,3.072
2014-02-18 02:32:00,6.248
2014-02-18 02:37:00,3.288
2014-02-18 02:42:00,3.076
2014-02-18 02:47:00,2.912
2014-02-18 02:52:00,4.932
2014-02-18 02:57:00,11.84
2014-02-18 03:02:00,6.988
2014-02-18 03:07:00,9.3
2014-02-18 03:12:00,4.598
2014-02-18 03:17:00,5.85
2014-02-18 03:22:00,4.182
2014-02-18 03:27:00,2.7
2014-02-18 03:32:00,2.828
2014-02-18 03:37:00,2.584
2014-02-18 03:42:00,2.606
2014-02-18 03:47:00,2.54
2014-02-18 03:52:00,2.522
2014-02-18 03:57:00,2.592
2014-02-18 04:02:00,2.516
2014-02-18 04:07:00,2.634
2014-02-18 04:12:00,6.66
2014-02-18 04:17:00,4.516
2014-02-18 04:22:00,7.182
2014-02-18 04:27:00,3.734
2014-02-18 04:32:00,4.81
2014-02-18 04:37:00,3.716
2014-02-18 04:42:00,5.73
2014-02-18 04:47:00,3.55
2014-02-18 04:52:00,3.766
2014-02-18 04:57:00,3.628
2014-02-18 05:02:00,3.75
2014-02-18 05:07:00,5.116
2014-02-18 05:12:00,5.422
2014-02-18 05:17:00,3.126
2014-02-18 05:22:00,4.404
2014-02-18 05:27:00,2.914
2014-02-18 05:32:00,2.922
2014-02-18 05:37:00,3.826
2014-02-18 05:42:00,6.932
2014-02-18 05:47:00,6.95
2014-02-18 05:52:00,5.184
2014-02-18 05:57:00,15.56
2014-02-18 06:02:00,72.22
2014-02-18 06:07:00,54.064
2014-02-18 06:12:00,34.296
2014-02-18 06:17:00,6.54
2014-02-18 06:22:00,55.95
2014-02-18 06:27:00,51.332
2014-02-18 06:32:00,56.05
2014-02-18 06:37:00,8.068
2014-02-18 06:42:00,3.83
2014-02-18 06:47:00,6.446
2014-02-18 06:52:00,4.086
2014-02-18 06:57:00,15.548
2014-02-18 07:02:00,3.716
2014-02-18 07:07:00,6.376
2014-02-18 07:12:00,3.466
2014-02-18 07:17:00,3.142
2014-02-18 07:22:00,3.42
2014-02-18 07:27:00,3.122
2014-02-18 07:32:00,3.342
2014-02-18 07:37:00,2.8
2014-02-18 07:42:00,3.208
2014-02-18 07:47:00,2.85
2014-02-18 07:52:00,3.17
2014-02-18 07:57:00,2.766
2014-02-18 08:02:00,3.014
2014-02-18 08:07:00,2.54
2014-02-18 08:12:00,4.134
2014-02-18 08:17:00,2.392
2014-02-18 08:22:00,2.876
2014-02-18 08:27:00,2.934
2014-02-18 08:32:00,2.734
2014-02-18 08:37:00,2.324
2014-02-18 08:42:00,2.672
2014-02-18 08:47:00,2.238
2014-02-18 08:52:00,2.64
2014-02-18 08:57:00,2.368
2014-02-18 09:02:00,2.56
2014-02-18 09:07:00,14.752
2014-02-18 09:12:00,4.536
2014-02-18 09:17:00,3.472
2014-02-18 09:22:00,3.276
2014-02-18 09:27:00,2.618
2014-02-18 09:32:00,3.13
2014-02-18 09:37:00,4.484
2014-02-18 09:42:00,4.108
2014-02-18 09:47:00,14.654
2014-02-18 09:52:00,13.984
2014-02-18 09:57:00,11.2
2014-02-18 10:02:00,14.372
2014-02-18 10:07:00,19.978
2014-02-18 10:12:00,8.656
2014-02-18 10:17:00,9.716
2014-02-18 10:22:00,29.114
2014-02-18 10:27:00,23.832
2014-02-18 10:32:00,3.584
2014-02-18 10:37:00,3.04
2014-02-18 10:42:00,3.45
2014-02-18 10:47:00,3.04
2014-02-18 10:52:00,3.476
2014-02-18 10:57:00,3.034
2014-02-18 11:02:00,3.5
2014-02-18 11:07:00,3.024
2014-02-18 11:12:00,4.788
2014-02-18 11:17:00,2.972
2014-02-18 11:22:00,3.444
2014-02-18 11:27:00,2.966
2014-02-18 11:32:00,3.318
2014-02-18 11:37:00,2.83
2014-02-18 11:42:00,3.36
2014-02-18 11:47:00,2.766
2014-02-18 11:52:00,3.294
2014-02-18 11:57:00,2.834
2014-02-18 12:02:00,3.29
2014-02-18 12:07:00,2.988
2014-02-18 12:12:00,3.234
2014-02-18 12:17:00,4.084
2014-02-18 12:22:00,3.258
2014-02-18 12:27:00,2.794
2014-02-18 12:32:00,3.326
2014-02-18 12:37:00,2.75
2014-02-18 12:42:00,3.268
2014-02-18 12:47:00,2.794
2014-02-18 12:52:00,3.276
2014-02-18 12:57:00,2.79
2014-02-18 13:02:00,3.29
2014-02-18 13:07:00,4.19
2014-02-18 13:12:00,3.29
2014-02-18 13:17:00,2.828
2014-02-18 13:22:00,3.49
2014-02-18 13:27:00,2.788
2014-02-18 13:32:00,3.3
2014-02-18 13:37:00,2.782
2014-02-18 13:42:00,3.294
2014-02-18 13:47:00,2.79
2014-02-18 13:52:00,3.3
2014-02-18 13:57:00,2.862
2014-02-18 14:02:00,3.316
2014-02-18 14:07:00,2.86
2014-02-18 14:12:00,4.56
2014-02-18 14:17:00,2.806
2014-02-18 14:22:00,3.25
2014-02-18 14:27:00,2.852
2014-02-18 14:32:00,3.266
2014-02-18 14:37:00,2.772
2014-02-18 14:42:00,3.256
2014-02-18 14:47:00,2.762
2014-02-18 14:52:00,3.306
2014-02-18 14:57:00,2.848
2014-02-18 15:02:00,3.316
2014-02-18 15:07:00,3.154
2014-02-18 15:12:00,5.588
2014-02-18 15:17:00,8.876
2014-02-18 15:22:00,3.45
2014-02-18 15:27:00,2.708
2014-02-18 15:32:00,3.012
2014-02-18 15:37:00,2.622
2014-02-18 15:42:00,2.992
2014-02-18 15:47:00,2.566
2014-02-18 15:52:00,2.958
2014-02-18 15:57:00,2.574
2014-02-18 16:02:00,2.908
2014-02-18 16:07:00,2.558
2014-02-18 16:12:00,2.958
2014-02-18 16:17:00,3.912
2014-02-18 16:22:00,2.942
2014-02-18 16:27:00,2.566
2014-02-18 16:32:00,2.934
2014-02-18 16:37:00,2.576
2014-02-18 16:42:00,2.934
2014-02-18 16:47:00,2.576
2014-02-18 16:52:00,2.942
2014-02-18 16:57:00,2.624
2014-02-18 17:02:00,2.938
2014-02-18 17:07:00,2.596
2014-02-18 17:12:00,2.924
2014-02-18 17:17:00,2.526
2014-02-18 17:22:00,4.266
2014-02-18 17:27:00,2.536
2014-02-18 17:32:00,2.88
2014-02-18 17:37:00,2.492
2014-02-18 17:42:00,2.942
2014-02-18 17:47:00,2.558
2014-02-18 17:52:00,2.904
2014-02-18 17:57:00,2.606
2014-02-18 18:02:00,2.86
2014-02-18 18:07:00,2.542
2014-02-18 18:12:00,4.188
2014-02-18 18:17:00,2.556
2014-02-18 18:22:00,2.976
2014-02-18 18:27:00,2.636
2014-02-18 18:32:00,2.954
2014-02-18 18:37:00,2.6
2014-02-18 18:42:00,3.008
2014-02-18 18:47:00,9.908
2014-02-18 18:52:00,70.772
2014-02-18 18:57:00,50.814
2014-02-18 19:02:00,32.36
2014-02-18 19:07:00,4.206
2014-02-18 19:12:00,5.284
2014-02-18 19:17:00,4.45
2014-02-18 19:22:00,3.89
2014-02-18 19:27:00,5.2
2014-02-18 19:32:00,3.508
2014-02-18 19:37:00,3.194
2014-02-18 19:42:00,3.624
2014-02-18 19:47:00,3.25
2014-02-18 19:52:00,3.692
2014-02-18 19:57:00,4.3
2014-02-18 20:02:00,2.978
2014-02-18 20:07:00,2.648
2014-02-18 20:12:00,4.264
2014-02-18 20:17:00,2.626
2014-02-18 20:22:00,2.984
2014-02-18 20:27:00,2.626
2014-02-18 20:32:00,2.938
2014-02-18 20:37:00,2.53
2014-02-18 20:42:00,2.94
2014-02-18 20:47:00,2.558
2014-02-18 20:52:00,2.95
2014-02-18 20:57:00,2.642
2014-02-18 21:02:00,2.942
2014-02-18 21:07:00,2.608
2014-02-18 21:12:00,2.854
2014-02-18 21:17:00,3.788
2014-02-18 21:22:00,2.884
2014-02-18 21:27:00,2.504
2014-02-18 21:32:00,2.94
2014-02-18 21:37:00,2.576
2014-02-18 21:42:00,2.95
2014-02-18 21:47:00,2.55
2014-02-18 21:52:00,2.934
2014-02-18 21:57:00,4.26
2014-02-18 22:02:00,2.942
2014-02-18 22:07:00,3.916
2014-02-18 22:12:00,3
2014-02-18 22:17:00,2.658
2014-02-18 22:22:00,2.984
2014-02-18 22:27:00,2.584
2014-02-18 22:32:00,3
2014-02-18 22:37:00,2.626
2014-02-18 22:42:00,2.966
2014-02-18 22:47:00,2.642
2014-02-18 22:52:00,2.996
2014-02-18 22:57:00,43.42
2014-02-18 23:02:00,57.066
2014-02-18 23:07:00,55.432
2014-02-18 23:12:00,14.45
2014-02-18 23:17:00,5.202
2014-02-18 23:22:00,5.36
2014-02-18 23:27:00,3.99
2014-02-18 23:32:00,5.65
2014-02-18 23:37:00,3.65
2014-02-18 23:42:00,3.962
2014-02-18 23:47:00,3.674
2014-02-18 23:52:00,4.018
2014-02-18 23:57:00,4.73
2014-02-19 00:02:00,24.5
2014-02-19 00:07:00,65.648
2014-02-19 00:12:00,52.962
2014-02-19 00:17:00,20.7
2014-02-19 00:22:00,59.458
2014-02-19 00:27:00,55.826
2014-02-19 00:32:00,54.9
2014-02-19 00:37:00,5.59
2014-02-19 00:42:00,9.64
2014-02-19 00:47:00,2.932
2014-02-19 00:52:00,3.684
2014-02-19 00:57:00,3.366
2014-02-19 01:02:00,9.038
2014-02-19 01:07:00,6.584
2014-02-19 01:12:00,5.098
2014-02-19 01:17:00,3.482
2014-02-19 01:22:00,4.684
2014-02-19 01:27:00,3.576
2014-02-19 01:32:00,6.858
2014-02-19 01:37:00,2.976
2014-02-19 01:42:00,2.938
2014-02-19 01:47:00,7.672
2014-02-19 01:52:00,6.116
2014-02-19 01:57:00,4.94
2014-02-19 02:02:00,6.034
2014-02-19 02:07:00,5.688
2014-02-19 02:12:00,4.368
2014-02-19 02:17:00,3.266
2014-02-19 02:22:00,5.058
2014-02-19 02:27:00,3.5
2014-02-19 02:32:00,3.826
2014-02-19 02:37:00,4.598
2014-02-19 02:42:00,2.942
2014-02-19 02:47:00,2.592
2014-02-19 02:52:00,3.034
2014-02-19 02:57:00,2.678
2014-02-19 03:02:00,3.038
2014-02-19 03:07:00,2.624
2014-02-19 03:12:00,3.05
2014-02-19 03:17:00,2.678
2014-02-19 03:22:00,5.846
2014-02-19 03:27:00,2.692
2014-02-19 03:32:00,12.204
2014-02-19 03:37:00,2.642
2014-02-19 03:42:00,3.138
2014-02-19 03:47:00,2.76
2014-02-19 03:52:00,3.4
2014-02-19 03:57:00,4.65
2014-02-19 04:02:00,3.226
2014-02-19 04:07:00,2.71
2014-02-19 04:12:00,3.11
2014-02-19 04:17:00,2.734
2014-02-19 04:22:00,4.434
2014-02-19 04:27:00,2.692
2014-02-19 04:32:00,3.086
2014-02-19 04:37:00,2.7
2014-02-19 04:42:00,3.106
2014-02-19 04:47:00,2.65
2014-02-19 04:52:00,3.028
2014-02-19 04:57:00,2.722
2014-02-19 05:02:00,5.128
2014-02-19 05:07:00,3.28
2014-02-19 05:12:00,4.054
2014-02-19 05:17:00,10.356
2014-02-19 05:22:00,71.154
2014-02-19 05:27:00,52.05
2014-02-19 05:32:00,31.184
2014-02-19 05:37:00,3.408
2014-02-19 05:42:00,5.416
2014-02-19 05:47:00,3.462
2014-02-19 05:52:00,3.718
2014-02-19 05:57:00,5.076
2014-02-19 06:02:00,3.336
2014-02-19 06:07:00,4.774
2014-02-19 06:12:00,3.742
2014-02-19 06:17:00,4.76
2014-02-19 06:22:00,5.356
2014-02-19 06:27:00,2.736
2014-02-19 06:32:00,3.156
2014-02-19 06:37:00,2.69
2014-02-19 06:42:00,3.084
2014-02-19 06:47:00,2.624
2014-02-19 06:52:00,3.034
2014-02-19 06:57:00,2.658
2014-02-19 07:02:00,5.504
2014-02-19 07:07:00,43.204
2014-02-19 07:12:00,66.858
2014-02-19 07:17:00,51.542
2014-02-19 07:22:00,16.36
2014-02-19 07:27:00,3.492
2014-02-19 07:32:00,4.766
2014-02-19 07:37:00,3.424
2014-02-19 07:42:00,3.684
2014-02-19 07:47:00,5.042
2014-02-19 07:52:00,3.358
2014-02-19 07:57:00,3.202
2014-02-19 08:02:00,3.626
2014-02-19 08:07:00,3.342
2014-02-19 08:12:00,5.084
2014-02-19 08:17:00,3.184
2014-02-19 08:22:00,3.626
2014-02-19 08:27:00,3.234
2014-02-19 08:32:00,3.66
2014-02-19 08:37:00,3.25
2014-02-19 08:42:00,4.462
2014-02-19 08:47:00,2.546
2014-02-19 08:52:00,2.916
2014-02-19 08:57:00,2.6
2014-02-19 09:02:00,2.926
2014-02-19 09:07:00,2.534
2014-02-19 09:12:00,2.966
2014-02-19 09:17:00,3.234
2014-02-19 09:22:00,4.298
2014-02-19 09:27:00,4.95
2014-02-19 09:32:00,3.076
2014-02-19 09:37:00,2.608
2014-02-19 09:42:00,3.008
2014-02-19 09:47:00,8.094
2014-02-19 09:52:00,3.026
2014-02-19 09:57:00,2.642
2014-02-19 10:02:00,2.978
2014-02-19 10:07:00,3.876
2014-02-19 10:12:00,2.928
2014-02-19 10:17:00,2.572
2014-02-19 10:22:00,2.95
2014-02-19 10:27:00,2.518
2014-02-19 10:32:00,2.934
2014-02-19 10:37:00,2.526
2014-02-19 10:42:00,2.876
2014-02-19 10:47:00,2.542
2014-02-19 10:52:00,2.9
2014-02-19 10:57:00,2.576
2014-02-19 11:02:00,2.894
2014-02-19 11:07:00,2.6
2014-02-19 11:12:00,2.966
2014-02-19 11:17:00,2.584
2014-02-19 11:22:00,4.216
2014-02-19 11:27:00,2.584
2014-02-19 11:32:00,2.968
2014-02-19 11:37:00,2.55
2014-02-19 11:42:00,2.924
2014-02-19 11:47:00,2.55
2014-02-19 11:52:00,2.916
2014-02-19 11:57:00,2.594
2014-02-19 12:02:00,2.93
2014-02-19 12:07:00,2.566
2014-02-19 12:12:00,3.008
2014-02-19 12:17:00,3.928
2014-02-19 12:22:00,3
2014-02-19 12:27:00,2.566
2014-02-19 12:32:00,2.974
2014-02-19 12:37:00,2.578
2014-02-19 12:42:00,2.968
2014-02-19 12:47:00,2.582
2014-02-19 12:52:00,2.992
2014-02-19 12:57:00,2.65
2014-02-19 13:02:00,2.97
2014-02-19 13:07:00,2.606
2014-02-19 13:12:00,2.994
2014-02-19 13:17:00,2.58
2014-02-19 13:22:00,4.3
2014-02-19 13:27:00,2.61
2014-02-19 13:32:00,2.976
2014-02-19 13:37:00,2.584
2014-02-19 13:42:00,2.934
2014-02-19 13:47:00,2.57
2014-02-19 13:52:00,2.988
2014-02-19 13:57:00,2.76
2014-02-19 14:02:00,3.008
2014-02-19 14:07:00,2.566
2014-02-19 14:12:00,2.92
2014-02-19 14:17:00,2.556
2014-02-19 14:22:00,4.32
2014-02-19 14:27:00,2.48
2014-02-19 14:32:00,2.854
2014-02-19 14:37:00,4.716
2014-02-19 14:42:00,9.85
2014-02-19 14:47:00,3.744
2014-02-19 14:52:00,5.41
2014-02-19 14:57:00,4.158
2014-02-19 15:02:00,6.042
2014-02-19 15:07:00,3.796
2014-02-19 15:12:00,4.068
2014-02-19 15:17:00,7.708
2014-02-19 15:22:00,4.226
2014-02-19 15:27:00,5.184
2014-02-19 15:32:00,3.1
2014-02-19 15:37:00,2.66
2014-02-19 15:42:00,3.16
2014-02-19 15:47:00,2.642
2014-02-19 15:52:00,3.126
2014-02-19 15:57:00,2.686
2014-02-19 16:02:00,3.108
2014-02-19 16:07:00,2.674
2014-02-19 16:12:00,4.392
2014-02-19 16:17:00,2.64
2014-02-19 16:22:00,3.068
2014-02-19 16:27:00,2.652
2014-02-19 16:32:00,3.1
2014-02-19 16:37:00,2.698
2014-02-19 16:42:00,3.092
2014-02-19 16:47:00,2.716
2014-02-19 16:52:00,3.104
2014-02-19 16:57:00,2.688
2014-02-19 17:02:00,3.066
2014-02-19 17:07:00,2.67
2014-02-19 17:12:00,3.108
2014-02-19 17:17:00,3.966
2014-02-19 17:22:00,3.084
2014-02-19 17:27:00,2.674
2014-02-19 17:32:00,3.112
2014-02-19 17:37:00,2.698
2014-02-19 17:42:00,3.108
2014-02-19 17:47:00,42.766
2014-02-19 17:52:00,57.81
2014-02-19 17:57:00,53.39
2014-02-19 18:02:00,11.304
2014-02-19 18:07:00,3.42
2014-02-19 18:12:00,4.916
2014-02-19 18:17:00,5.2
2014-02-19 18:22:00,7.964
2014-02-19 18:27:00,3.7
2014-02-19 18:32:00,4.26
2014-02-19 18:37:00,3.666
2014-02-19 18:42:00,4.366
2014-02-19 18:47:00,3.95
2014-02-19 18:52:00,27.95
2014-02-19 18:57:00,66.324
2014-02-19 19:02:00,53.57
2014-02-19 19:07:00,23.282
2014-02-19 19:12:00,5.648
2014-02-19 19:17:00,6.258
2014-02-19 19:22:00,4.752
2014-02-19 19:27:00,5.608
2014-02-19 19:32:00,4.598
2014-02-19 19:37:00,3.834
2014-02-19 19:42:00,4.54
2014-02-19 19:47:00,4.1
2014-02-19 19:52:00,4.374
2014-02-19 19:57:00,4.406
2014-02-19 20:02:00,3.66
2014-02-19 20:07:00,2.826
2014-02-19 20:12:00,3.176
2014-02-19 20:17:00,2.722
2014-02-19 20:22:00,4.484
2014-02-19 20:27:00,2.726
2014-02-19 20:32:00,3.174
2014-02-19 20:37:00,2.708
2014-02-19 20:42:00,3.184
2014-02-19 20:47:00,5.242
2014-02-19 20:52:00,3.376
2014-02-19 20:57:00,3.06
2014-02-19 21:02:00,3.4
2014-02-19 21:07:00,8.73
2014-02-19 21:12:00,5.936
2014-02-19 21:17:00,3.97
2014-02-19 21:22:00,4.846
2014-02-19 21:27:00,3.466
2014-02-19 21:32:00,5.886
2014-02-19 21:37:00,3.402
2014-02-19 21:42:00,3.96
2014-02-19 21:47:00,3.634
2014-02-19 21:52:00,4.408
2014-02-19 21:57:00,6.476
2014-02-19 22:02:00,3.084
2014-02-19 22:07:00,2.734
2014-02-19 22:12:00,4.434
2014-02-19 22:17:00,2.77
2014-02-19 22:22:00,3.108
2014-02-19 22:27:00,2.676
2014-02-19 22:32:00,3.158
2014-02-19 22:37:00,2.726
2014-02-19 22:42:00,3.142
2014-02-19 22:47:00,2.708
2014-02-19 22:52:00,3.234
2014-02-19 22:57:00,4.736
2014-02-19 23:02:00,59.084
2014-02-19 23:07:00,52.916
2014-02-19 23:12:00,52.616
2014-02-19 23:17:00,6.616
2014-02-19 23:22:00,4.592
2014-02-19 23:27:00,5.066
2014-02-19 23:32:00,4.71
2014-02-19 23:37:00,5.88
2014-02-19 23:42:00,4.302
2014-02-19 23:47:00,4.014
2014-02-19 23:52:00,6.464
2014-02-19 23:57:00,4.238
2014-02-20 00:02:00,4.634
2014-02-20 00:07:00,5.508
2014-02-20 00:12:00,3.216
2014-02-20 00:17:00,4.486
2014-02-20 00:22:00,3.184
2014-02-20 00:27:00,2.728
2014-02-20 00:32:00,3.21
2014-02-20 00:37:00,2.742
2014-02-20 00:42:00,3.21
2014-02-20 00:47:00,3.316
2014-02-20 00:52:00,27.966
2014-02-20 00:57:00,65.554
2014-02-20 01:02:00,53.722
2014-02-20 01:07:00,20.334
2014-02-20 01:12:00,5.896
2014-02-20 01:17:00,6.976
2014-02-20 01:22:00,3.15
2014-02-20 01:27:00,7.058
2014-02-20 01:32:00,4.078
2014-02-20 01:37:00,4.384
2014-02-20 01:42:00,58.626
2014-02-20 01:47:00,55.314
2014-02-20 01:52:00,49.668
2014-02-20 01:57:00,3.324
2014-02-20 02:02:00,3.81
2014-02-20 02:07:00,4.036
2014-02-20 02:12:00,4.318
2014-02-20 02:17:00,14.5
2014-02-20 02:22:00,6.116
2014-02-20 02:27:00,6.742
2014-02-20 02:32:00,4.434
2014-02-20 02:37:00,5.756
2014-02-20 02:42:00,4.11
2014-02-20 02:47:00,3.68
2014-02-20 02:52:00,4.042
2014-02-20 02:57:00,3.726
2014-02-20 03:02:00,5.216
2014-02-20 03:07:00,2.534
2014-02-20 03:12:00,2.908
2014-02-20 03:17:00,3.68
2014-02-20 03:22:00,2.808
2014-02-20 03:27:00,2.342
2014-02-20 03:32:00,2.808
2014-02-20 03:37:00,2.314
2014-02-20 03:42:00,2.73
2014-02-20 03:47:00,2.236
2014-02-20 03:52:00,2.646
2014-02-20 03:57:00,2.26
2014-02-20 04:02:00,2.676
2014-02-20 04:07:00,2.24
2014-02-20 04:12:00,3.904
2014-02-20 04:17:00,2.178
2014-02-20 04:22:00,2.584
2014-02-20 04:27:00,2.492
2014-02-20 04:32:00,2.7
2014-02-20 04:37:00,2.242
2014-02-20 04:42:00,2.696
2014-02-20 04:47:00,2.184
2014-02-20 04:52:00,2.618
2014-02-20 04:57:00,2.288
2014-02-20 05:02:00,2.734
2014-02-20 05:07:00,4.9
2014-02-20 05:12:00,4.524
2014-02-20 05:17:00,2.776
2014-02-20 05:22:00,3.184
2014-02-20 05:27:00,2.786
2014-02-20 05:32:00,3.158
2014-02-20 05:37:00,4.628
2014-02-20 05:42:00,3.21
2014-02-20 05:47:00,2.762
2014-02-20 05:52:00,3.19
2014-02-20 05:57:00,2.72
2014-02-20 06:02:00,3.11
2014-02-20 06:07:00,2.616
2014-02-20 06:12:00,25.566
2014-02-20 06:17:00,68.386
2014-02-20 06:22:00,56.542
2014-02-20 06:27:00,23.2
2014-02-20 06:32:00,4.418
2014-02-20 06:37:00,5.13
2014-02-20 06:42:00,4.762
2014-02-20 06:47:00,5.654
2014-02-20 06:52:00,8.7
2014-02-20 06:57:00,3.918
2014-02-20 07:02:00,4.55
2014-02-20 07:07:00,5.26
2014-02-20 07:12:00,6.234
2014-02-20 07:17:00,4.592
2014-02-20 07:22:00,3.176
2014-02-20 07:27:00,2.674
2014-02-20 07:32:00,3.108
2014-02-20 07:37:00,2.618
2014-02-20 07:42:00,2.99
2014-02-20 07:47:00,2.808
2014-02-20 07:52:00,2.834
2014-02-20 07:57:00,2.42
2014-02-20 08:02:00,2.738
2014-02-20 08:07:00,2.292
2014-02-20 08:12:00,2.672
2014-02-20 08:17:00,3.546
2014-02-20 08:22:00,2.626
2014-02-20 08:27:00,2.184
2014-02-20 08:32:00,2.6
2014-02-20 08:37:00,2.2
2014-02-20 08:42:00,2.572
2014-02-20 08:47:00,2.2
2014-02-20 08:52:00,2.596
2014-02-20 08:57:00,2.27
2014-02-20 09:02:00,2.608
2014-02-20 09:07:00,2.216
2014-02-20 09:12:00,3.85
2014-02-20 09:17:00,2.634
2014-02-20 09:22:00,2.694
2014-02-20 09:27:00,2.32
2014-02-20 09:32:00,2.488
2014-02-20 09:37:00,2.066
2014-02-20 09:42:00,2.44
2014-02-20 09:47:00,2.06
2014-02-20 09:52:00,2.384
2014-02-20 09:57:00,2.1
2014-02-20 10:02:00,5.134
2014-02-20 10:07:00,2.734
2014-02-20 10:12:00,3.156
2014-02-20 10:17:00,2.71
2014-02-20 10:22:00,4.376
2014-02-20 10:27:00,2.608
2014-02-20 10:32:00,2.958
2014-02-20 10:37:00,2.466
2014-02-20 10:42:00,2.874
2014-02-20 10:47:00,2.576
2014-02-20 10:52:00,2.916
2014-02-20 10:57:00,2.466
2014-02-20 11:02:00,2.776
2014-02-20 11:07:00,2.342
2014-02-20 11:12:00,2.722
2014-02-20 11:17:00,3.55
2014-02-20 11:22:00,2.722
2014-02-20 11:27:00,2.302
2014-02-20 11:32:00,2.758
2014-02-20 11:37:00,2.324
2014-02-20 11:42:00,2.766
2014-02-20 11:47:00,2.266
2014-02-20 11:52:00,8.866
2014-02-20 11:57:00,2.724
2014-02-20 12:02:00,3.118
2014-02-20 12:07:00,2.666
2014-02-20 12:12:00,3.05
2014-02-20 12:17:00,3.914
2014-02-20 12:22:00,2.878
2014-02-20 12:27:00,2.422
2014-02-20 12:32:00,2.726
2014-02-20 12:37:00,2.352
2014-02-20 12:42:00,2.742
2014-02-20 12:47:00,6.762
2014-02-20 12:52:00,7.28
2014-02-20 12:57:00,2.97
2014-02-20 13:02:00,3.216
2014-02-20 13:07:00,2.786
2014-02-20 13:12:00,4.322
2014-02-20 13:17:00,2.524
2014-02-20 13:22:00,2.842
2014-02-20 13:27:00,2.45
2014-02-20 13:32:00,2.764
2014-02-20 13:37:00,2.35
2014-02-20 13:42:00,2.704
2014-02-20 13:47:00,2.292
2014-02-20 13:52:00,2.708
2014-02-20 13:57:00,2.284
2014-02-20 14:02:00,2.674
2014-02-20 14:07:00,3.534
2014-02-20 14:12:00,2.592
2014-02-20 14:17:00,2.166
2014-02-20 14:22:00,2.658
2014-02-20 14:27:00,2.25
2014-02-20 14:32:00,2.634
2014-02-20 14:37:00,2.284
2014-02-20 14:42:00,2.584
2014-02-20 14:47:00,2.33
2014-02-20 14:52:00,7.284
2014-02-20 14:57:00,2.834
2014-02-20 15:02:00,3.172
2014-02-20 15:07:00,2.684
2014-02-20 15:12:00,4.32
2014-02-20 15:17:00,2.548
2014-02-20 15:22:00,2.9
2014-02-20 15:27:00,2.458
2014-02-20 15:32:00,2.808
2014-02-20 15:37:00,2.376
2014-02-20 15:42:00,2.776
2014-02-20 15:47:00,2.304
2014-02-20 15:52:00,2.754
2014-02-20 15:57:00,2.324
2014-02-20 16:02:00,25.3
2014-02-20 16:07:00,64.79
2014-02-20 16:12:00,52.52
2014-02-20 16:17:00,20.168
2014-02-20 16:22:00,4.73
2014-02-20 16:27:00,4.134
2014-02-20 16:32:00,3.634
2014-02-20 16:37:00,4.772
2014-02-20 16:42:00,3.338
2014-02-20 16:47:00,2.636
2014-02-20 16:52:00,3.44
2014-02-20 16:57:00,3.01
2014-02-20 17:02:00,3.294
2014-02-20 17:07:00,3.764
2014-02-20 17:12:00,3.716
2014-02-20 17:17:00,2.016
2014-02-20 17:22:00,2.424
2014-02-20 17:27:00,2.026
2014-02-20 17:32:00,2.35
2014-02-20 17:37:00,2.026
2014-02-20 17:42:00,2.366
2014-02-20 17:47:00,1.99
2014-02-20 17:52:00,2.384
2014-02-20 17:57:00,2.146
2014-02-20 18:02:00,2.394
2014-02-20 18:07:00,2.034
2014-02-20 18:12:00,3.612
2014-02-20 18:17:00,2.078
2014-02-20 18:22:00,2.418
2014-02-20 18:27:00,2.094
2014-02-20 18:32:00,2.484
2014-02-20 18:37:00,2.184
2014-02-20 18:42:00,2.558
2014-02-20 18:47:00,2.178
2014-02-20 18:52:00,2.466
2014-02-20 18:57:00,2.184
2014-02-20 19:02:00,2.46
2014-02-20 19:07:00,2.106
2014-02-20 19:12:00,3.594
2014-02-20 19:17:00,41.716
2014-02-20 19:22:00,57.114
2014-02-20 19:27:00,53.196
2014-02-20 19:32:00,9.984
2014-02-20 19:37:00,2.716
2014-02-20 19:42:00,4.144
2014-02-20 19:47:00,2.916
2014-02-20 19:52:00,5.034
2014-02-20 19:57:00,2.606
2014-02-20 20:02:00,2.762
2014-02-20 20:07:00,2.658
2014-02-20 20:12:00,4.35
2014-02-20 20:17:00,2.794
2014-02-20 20:22:00,3.05
2014-02-20 20:27:00,3.894
2014-02-20 20:32:00,2.256
2014-02-20 20:37:00,1.922
2014-02-20 20:42:00,2.25
2014-02-20 20:47:00,1.91
2014-02-20 20:52:00,2.224
2014-02-20 20:57:00,2.654
2014-02-20 21:02:00,2.978
2014-02-20 21:07:00,4.334
2014-02-20 21:12:00,2.972
2014-02-20 21:17:00,2.59
2014-02-20 21:22:00,3.156
2014-02-20 21:27:00,2.884
2014-02-20 21:32:00,3.522
2014-02-20 21:37:00,3.134
2014-02-20 21:42:00,3.016
2014-02-20 21:47:00,3.096
2014-02-20 21:52:00,3.494
2014-02-20 21:57:00,4.64
2014-02-20 22:02:00,4.278
2014-02-20 22:07:00,1.924
2014-02-20 22:12:00,2.234
2014-02-20 22:17:00,1.968
2014-02-20 22:22:00,58.508
2014-02-20 22:27:00,51.884
2014-02-20 22:32:00,47.734
2014-02-20 22:37:00,3.732
2014-02-20 22:42:00,2.434
2014-02-20 22:47:00,2.104
2014-02-20 22:52:00,2.438
2014-02-20 22:57:00,2.134
2014-02-20 23:02:00,2.356
2014-02-20 23:07:00,3.316
2014-02-20 23:12:00,2.36
2014-02-20 23:17:00,2.01
2014-02-20 23:22:00,2.39
2014-02-20 23:27:00,2.076
2014-02-20 23:32:00,2.356
2014-02-20 23:37:00,2.038
2014-02-20 23:42:00,2.422
2014-02-20 23:47:00,2.216
2014-02-20 23:52:00,2.364
2014-02-20 23:57:00,38.08
2014-02-21 00:02:00,60.402
2014-02-21 00:07:00,52.478
2014-02-21 00:12:00,13.094
2014-02-21 00:17:00,2.388
2014-02-21 00:22:00,3.716
2014-02-21 00:27:00,1.968
2014-02-21 00:32:00,2.316
2014-02-21 00:37:00,1.916
2014-02-21 00:42:00,2.256
2014-02-21 00:47:00,2.01
2014-02-21 00:52:00,3.934
2014-02-21 00:57:00,64.882
2014-02-21 01:02:00,52.378
2014-02-21 01:07:00,59.606
2014-02-21 01:12:00,63.968
2014-02-21 01:17:00,53.13
2014-02-21 01:22:00,18.994
2014-02-21 01:27:00,2.694
2014-02-21 01:32:00,4.816
2014-02-21 01:37:00,2.546
2014-02-21 01:42:00,3.042
2014-02-21 01:47:00,2.846
2014-02-21 01:52:00,3.094
2014-02-21 01:57:00,6.25
2014-02-21 02:02:00,3.216
2014-02-21 02:07:00,3.934
2014-02-21 02:12:00,3.24
2014-02-21 02:17:00,5.846
2014-02-21 02:22:00,3.006
2014-02-21 02:27:00,2.484
2014-02-21 02:32:00,3.156
2014-02-21 02:37:00,2.9
2014-02-21 02:42:00,3.216
2014-02-21 02:47:00,4.716
2014-02-21 02:52:00,2.284
2014-02-21 02:57:00,1.992
2014-02-21 03:02:00,2.24
2014-02-21 03:07:00,2.654
2014-02-21 03:12:00,27.636
2014-02-21 03:17:00,64.304
2014-02-21 03:22:00,52.55
2014-02-21 03:27:00,18.668
2014-02-21 03:32:00,2.988
2014-02-21 03:37:00,3.74
2014-02-21 03:42:00,3.138
2014-02-21 03:47:00,4.474
2014-02-21 03:52:00,3.044
2014-02-21 03:57:00,2.41
2014-02-21 04:02:00,3.024
2014-02-21 04:07:00,2.706
2014-02-21 04:12:00,4.304
2014-02-21 04:17:00,3.87
2014-02-21 04:22:00,2.21
2014-02-21 04:27:00,1.934
2014-02-21 04:32:00,2.266
2014-02-21 04:37:00,1.944
2014-02-21 04:42:00,2.266
2014-02-21 04:47:00,1.944
2014-02-21 04:52:00,2.24
2014-02-21 04:57:00,2.056
2014-02-21 05:02:00,2.326
2014-02-21 05:07:00,2.022
2014-02-21 05:12:00,3.556
2014-02-21 05:17:00,1.996
2014-02-21 05:22:00,2.326
2014-02-21 05:27:00,2.046
2014-02-21 05:32:00,2.366
2014-02-21 05:37:00,4.71
2014-02-21 05:42:00,2.908
2014-02-21 05:47:00,2.62
2014-02-21 05:52:00,3.068
2014-02-21 05:57:00,2.646
2014-02-21 06:02:00,3.004
2014-02-21 06:07:00,2.55
2014-02-21 06:12:00,2.85
2014-02-21 06:17:00,58.954
2014-02-21 06:22:00,52.166
2014-02-21 06:27:00,53.15
2014-02-21 06:32:00,2.676
2014-02-21 06:37:00,2.23
2014-02-21 06:42:00,2.596
2014-02-21 06:47:00,2.158
2014-02-21 06:52:00,2.55
2014-02-21 06:57:00,2.234
2014-02-21 07:02:00,2.584
2014-02-21 07:07:00,2.21
2014-02-21 07:12:00,2.758
2014-02-21 07:17:00,3.316
2014-02-21 07:22:00,2.624
2014-02-21 07:27:00,2.254
2014-02-21 07:32:00,3.546
2014-02-21 07:37:00,66.858
2014-02-21 07:42:00,53.03
2014-02-21 07:47:00,37.994
2014-02-21 07:52:00,3.208
2014-02-21 07:57:00,3.846
2014-02-21 08:02:00,3.724
2014-02-21 08:07:00,2.816
2014-02-21 08:12:00,4.884
2014-02-21 08:17:00,2.6
2014-02-21 08:22:00,9.154
2014-02-21 08:27:00,3.294
2014-02-21 08:32:00,3.758
2014-02-21 08:37:00,6.536
2014-02-21 08:42:00,3.092
2014-02-21 08:47:00,2.692
2014-02-21 08:52:00,6.884
2014-02-21 08:57:00,2.722
2014-02-21 09:02:00,3.02
2014-02-21 09:07:00,3.838
2014-02-21 09:12:00,5.516
2014-02-21 09:17:00,3.042
2014-02-21 09:22:00,2.976
2014-02-21 09:27:00,4.466
2014-02-21 09:32:00,3.136
2014-02-21 09:37:00,2.638
2014-02-21 09:42:00,2.976
2014-02-21 09:47:00,2.486
2014-02-21 09:52:00,2.842
2014-02-21 09:57:00,2.45
2014-02-21 10:02:00,2.772
2014-02-21 10:07:00,2.366
2014-02-21 10:12:00,3.996
2014-02-21 10:17:00,2.32
2014-02-21 10:22:00,2.654
2014-02-21 10:27:00,2.192
2014-02-21 10:32:00,2.658
2014-02-21 10:37:00,2.25
2014-02-21 10:42:00,2.658
2014-02-21 10:47:00,2.216
2014-02-21 10:52:00,2.626
2014-02-21 10:57:00,2.258
2014-02-21 11:02:00,2.61
2014-02-21 11:07:00,2.196
2014-02-21 11:12:00,2.562
2014-02-21 11:17:00,3.534
2014-02-21 11:22:00,2.66
2014-02-21 11:27:00,2.292
2014-02-21 11:32:00,2.55
2014-02-21 11:37:00,2.192
2014-02-21 11:42:00,2.534
2014-02-21 11:47:00,2.184
2014-02-21 11:52:00,2.476
2014-02-21 11:57:00,2.202
2014-02-21 12:02:00,2.556
2014-02-21 12:07:00,2.228
2014-02-21 12:12:00,6.666
2014-02-21 12:17:00,2.694
2014-02-21 12:22:00,3.09
2014-02-21 12:27:00,2.634
2014-02-21 12:32:00,2.86
2014-02-21 12:37:00,2.492
2014-02-21 12:42:00,2.78
2014-02-21 12:47:00,2.354
2014-02-21 12:52:00,2.694
2014-02-21 12:57:00,2.342
2014-02-21 13:02:00,2.576
2014-02-21 13:07:00,2.158
2014-02-21 13:12:00,3.838
2014-02-21 13:17:00,2.196
2014-02-21 13:22:00,2.59
2014-02-21 13:27:00,2.184
2014-02-21 13:32:00,2.524
2014-02-21 13:37:00,2.19
2014-02-21 13:42:00,5.076
2014-02-21 13:47:00,2.742
2014-02-21 13:52:00,3.192
2014-02-21 13:57:00,2.758
2014-02-21 14:02:00,3.016
2014-02-21 14:07:00,2.558
2014-02-21 14:12:00,2.924
2014-02-21 14:17:00,5.28
2014-02-21 14:22:00,4.508
2014-02-21 14:27:00,2.726
2014-02-21 14:32:00,9.226
2014-02-21 14:37:00,4.808
2014-02-21 14:42:00,3.134
2014-02-21 14:47:00,2.65
2014-02-21 14:52:00,3.008
2014-02-21 14:57:00,2.582
2014-02-21 15:02:00,2.842
2014-02-21 15:07:00,2.384
2014-02-21 15:12:00,2.784
2014-02-21 15:17:00,3.634
2014-02-21 15:22:00,2.73
2014-02-21 15:27:00,2.312
2014-02-21 15:32:00,2.576
2014-02-21 15:37:00,2.146
2014-02-21 15:42:00,2.578
2014-02-21 15:47:00,2.16
2014-02-21 15:52:00,2.558
2014-02-21 15:57:00,2.226
2014-02-21 16:02:00,2.592
2014-02-21 16:07:00,2.242
2014-02-21 16:12:00,2.622
2014-02-21 16:17:00,3.67
2014-02-21 16:22:00,2.634
2014-02-21 16:27:00,2.258
2014-02-21 16:32:00,2.594
2014-02-21 16:37:00,38.366
2014-02-21 16:42:00,60.4
2014-02-21 16:47:00,52.626
2014-02-21 16:52:00,13.936
2014-02-21 16:57:00,2.964
2014-02-21 17:02:00,4.226
2014-02-21 17:07:00,4.33
2014-02-21 17:12:00,3.24
2014-02-21 17:17:00,4.676
2014-02-21 17:22:00,2.838
2014-02-21 17:27:00,2.938
2014-02-21 17:32:00,3.122
2014-02-21 17:37:00,2.814
2014-02-21 17:42:00,4.328
2014-02-21 17:47:00,2.056
2014-02-21 17:52:00,2.39
2014-02-21 17:57:00,2.23
2014-02-21 18:02:00,2.456
2014-02-21 18:07:00,2.078
2014-02-21 18:12:00,2.6
2014-02-21 18:17:00,3.194
2014-02-21 18:22:00,2.412
2014-02-21 18:27:00,2.106
2014-02-21 18:32:00,2.412
2014-02-21 18:37:00,2.152
2014-02-21 18:42:00,2.494
2014-02-21 18:47:00,2.22
2014-02-21 18:52:00,2.484
2014-02-21 18:57:00,2.206
2014-02-21 19:02:00,2.484
2014-02-21 19:07:00,2.266
2014-02-21 19:12:00,3.916
2014-02-21 19:17:00,2.128
2014-02-21 19:22:00,2.516
2014-02-21 19:27:00,2.14
2014-02-21 19:32:00,2.428
2014-02-21 19:37:00,2.162
2014-02-21 19:42:00,2.444
2014-02-21 19:47:00,2.156
2014-02-21 19:52:00,2.494
2014-02-21 19:57:00,2.234
2014-02-21 20:02:00,2.444
2014-02-21 20:07:00,2.256
2014-02-21 20:12:00,3.734
2014-02-21 20:17:00,2.106
2014-02-21 20:22:00,2.384
2014-02-21 20:27:00,2.088
2014-02-21 20:32:00,2.388
2014-02-21 20:37:00,2.112
2014-02-21 20:42:00,2.406
2014-02-21 20:47:00,2.14
2014-02-21 20:52:00,2.412
2014-02-21 20:57:00,2.166
2014-02-21 21:02:00,2.418
2014-02-21 21:07:00,2.134
2014-02-21 21:12:00,3.766
2014-02-21 21:17:00,2.084
2014-02-21 21:22:00,3.15
2014-02-21 21:27:00,3.55
2014-02-21 21:32:00,2.34
2014-02-21 21:37:00,2.026
2014-02-21 21:42:00,2.344
2014-02-21 21:47:00,2.09
2014-02-21 21:52:00,2.362
2014-02-21 21:57:00,3.762
2014-02-21 22:02:00,2.294
2014-02-21 22:07:00,2.034
2014-02-21 22:12:00,2.29
2014-02-21 22:17:00,2.022
2014-02-21 22:22:00,4.276
2014-02-21 22:27:00,2.028
2014-02-21 22:32:00,2.3
2014-02-21 22:37:00,2.056
2014-02-21 22:42:00,25.524
2014-02-21 22:47:00,64.198
2014-02-21 22:52:00,52.666
2014-02-21 22:57:00,25.48
2014-02-21 23:02:00,70.672
2014-02-21 23:07:00,53.742
2014-02-21 23:12:00,28.498
2014-02-21 23:17:00,5.766
2014-02-21 23:22:00,3.05
2014-02-21 23:27:00,2.462
2014-02-21 23:32:00,4.024
2014-02-21 23:37:00,67.204
2014-02-21 23:42:00,53.142
2014-02-21 23:47:00,42.572
2014-02-21 23:52:00,57.86
2014-02-21 23:57:00,75.246
2014-02-22 00:02:00,99.668
2014-02-22 00:07:00,70.582
2014-02-22 00:12:00,28.51
2014-02-22 00:17:00,2.45
2014-02-22 00:22:00,2.884
2014-02-22 00:27:00,38.874
2014-02-22 00:32:00,61.258
2014-02-22 00:37:00,53.484
2014-02-22 00:42:00,29.218
2014-02-22 00:47:00,4.508
2014-02-22 00:52:00,3.896
2014-02-22 00:57:00,3.266
2014-02-22 01:02:00,5.344
2014-02-22 01:07:00,2.876
2014-02-22 01:12:00,3.322
2014-02-22 01:17:00,3.134
2014-02-22 01:22:00,4.7
2014-02-22 01:27:00,14.384
2014-02-22 01:32:00,8.658
2014-02-22 01:37:00,4.75
2014-02-22 01:42:00,4.684
2014-02-22 01:47:00,5.374
2014-02-22 01:52:00,4.708
2014-02-22 01:57:00,5.762
2014-02-22 02:02:00,4.334
2014-02-22 02:07:00,3.784
2014-02-22 02:12:00,4.34
2014-02-22 02:17:00,5.27
2014-02-22 02:22:00,4.092
2014-02-22 02:27:00,5.148
2014-02-22 02:32:00,3.55
2014-02-22 02:37:00,3.15
2014-02-22 02:42:00,4.684
2014-02-22 02:47:00,2.242
2014-02-22 02:52:00,2.596
2014-02-22 02:57:00,2.344
2014-02-22 03:02:00,2.64
2014-02-22 03:07:00,2.384
2014-02-22 03:12:00,2.616
2014-02-22 03:17:00,2.5
2014-02-22 03:22:00,3.81
2014-02-22 03:27:00,2.244
2014-02-22 03:32:00,2.522
2014-02-22 03:37:00,2.206
2014-02-22 03:42:00,2.478
2014-02-22 03:47:00,2.184
2014-02-22 03:52:00,2.49
2014-02-22 03:57:00,2.278
2014-02-22 04:02:00,2.512
2014-02-22 04:07:00,3.496
2014-02-22 04:12:00,2.516
2014-02-22 04:17:00,2.284
2014-02-22 04:22:00,2.572
2014-02-22 04:27:00,2.3
2014-02-22 04:32:00,2.59
2014-02-22 04:37:00,2.21
2014-02-22 04:42:00,2.45
2014-02-22 04:47:00,2.006
2014-02-22 04:52:00,2.306
2014-02-22 04:57:00,2.044
2014-02-22 05:02:00,2.34
2014-02-22 05:07:00,2.1
2014-02-22 05:12:00,2.374
2014-02-22 05:17:00,2.126
2014-02-22 05:22:00,3.642
2014-02-22 05:27:00,2.09
2014-02-22 05:32:00,2.372
2014-02-22 05:37:00,2.134
2014-02-22 05:42:00,2.356
2014-02-22 05:47:00,2.026
2014-02-22 05:52:00,2.35
2014-02-22 05:57:00,2.056
2014-02-22 06:02:00,2.258
2014-02-22 06:07:00,3.382
2014-02-22 06:12:00,2.29
2014-02-22 06:17:00,2.004
2014-02-22 06:22:00,2.306
2014-02-22 06:27:00,2.04
2014-02-22 06:32:00,2.334
2014-02-22 06:37:00,2.072
2014-02-22 06:42:00,2.322
2014-02-22 06:47:00,2.056
2014-02-22 06:52:00,2.334
2014-02-22 06:57:00,2.154
2014-02-22 07:02:00,2.366
2014-02-22 07:07:00,2.09
2014-02-22 07:12:00,2.31
2014-02-22 07:17:00,3.312
2014-02-22 07:22:00,2.326
2014-02-22 07:27:00,2.05
2014-02-22 07:32:00,2.384
2014-02-22 07:37:00,2.094
2014-02-22 07:42:00,2.406
2014-02-22 07:47:00,2.094
2014-02-22 07:52:00,2.39
2014-02-22 07:57:00,2.158
2014-02-22 08:02:00,2.412
2014-02-22 08:07:00,3.144
2014-02-22 08:12:00,2.744
2014-02-22 08:17:00,2.112
2014-02-22 08:22:00,2.4
2014-02-22 08:27:00,2.138
2014-02-22 08:32:00,2.44
2014-02-22 08:37:00,2.134
2014-02-22 08:42:00,2.434
2014-02-22 08:47:00,2.14
2014-02-22 08:52:00,2.466
2014-02-22 08:57:00,2.278
2014-02-22 09:02:00,2.456
2014-02-22 09:07:00,2.366
2014-02-22 09:12:00,3.528
2014-02-22 09:17:00,2.488
2014-02-22 09:22:00,2.36
2014-02-22 09:27:00,2.046
2014-02-22 09:32:00,2.36
2014-02-22 09:37:00,2.05
2014-02-22 09:42:00,2.366
2014-02-22 09:47:00,2.06
2014-02-22 09:52:00,2.362
2014-02-22 09:57:00,2.066
2014-02-22 10:02:00,2.34
2014-02-22 10:07:00,2.072
2014-02-22 10:12:00,2.34
2014-02-22 10:17:00,2.538
2014-02-22 10:22:00,3.18
2014-02-22 10:27:00,2.076
2014-02-22 10:32:00,2.296
2014-02-22 10:37:00,2.026
2014-02-22 10:42:00,2.35
2014-02-22 10:47:00,2.056
2014-02-22 10:52:00,2.534
2014-02-22 10:57:00,2.05
2014-02-22 11:02:00,2.338
2014-02-22 11:07:00,2.006
2014-02-22 11:12:00,3.544
2014-02-22 11:17:00,2.006
2014-02-22 11:22:00,2.326
2014-02-22 11:27:00,2.084
2014-02-22 11:32:00,2.378
2014-02-22 11:37:00,2.122
2014-02-22 11:42:00,2.39
2014-02-22 11:47:00,2.094
2014-02-22 11:52:00,2.388
2014-02-22 11:57:00,2.166
2014-02-22 12:02:00,2.4
2014-02-22 12:07:00,2.156
2014-02-22 12:12:00,3.698
2014-02-22 12:17:00,2.11
2014-02-22 12:22:00,2.4
2014-02-22 12:27:00,2.128
2014-02-22 12:32:00,2.412
2014-02-22 12:37:00,2.116
2014-02-22 12:42:00,2.394
2014-02-22 12:47:00,2.122
2014-02-22 12:52:00,2.444
2014-02-22 12:57:00,2.194
2014-02-22 13:02:00,2.428
2014-02-22 13:07:00,2.128
2014-02-22 13:12:00,2.378
2014-02-22 13:17:00,2.078
2014-02-22 13:22:00,3.716
2014-02-22 13:27:00,2.096
2014-02-22 13:32:00,2.428
2014-02-22 13:37:00,2.102
2014-02-22 13:42:00,2.388
2014-02-22 13:47:00,2.074
2014-02-22 13:52:00,2.34
2014-02-22 13:57:00,2.118
2014-02-22 14:02:00,2.39
2014-02-22 14:07:00,2.102
2014-02-22 14:12:00,2.384
2014-02-22 14:17:00,3.388
2014-02-22 14:22:00,2.4
2014-02-22 14:27:00,2.05
2014-02-22 14:32:00,2.356
2014-02-22 14:37:00,2.056
2014-02-22 14:42:00,2.356
2014-02-22 14:47:00,2.09
2014-02-22 14:52:00,2.35
2014-02-22 14:57:00,2.166
2014-02-22 15:02:00,2.434
2014-02-22 15:07:00,2.16
2014-02-22 15:12:00,2.412
2014-02-22 15:17:00,2.138
2014-02-22 15:22:00,3.728
2014-02-22 15:27:00,2.122
2014-02-22 15:32:00,2.384
2014-02-22 15:37:00,2.11
2014-02-22 15:42:00,2.418
2014-02-22 15:47:00,2.116
2014-02-22 15:52:00,2.4
2014-02-22 15:57:00,2.166
2014-02-22 16:02:00,2.338
2014-02-22 16:07:00,2.088
2014-02-22 16:12:00,2.266
2014-02-22 16:17:00,3.316
2014-02-22 16:22:00,2.444
2014-02-22 16:27:00,1.91
2014-02-22 16:32:00,2.208
2014-02-22 16:37:00,1.942
2014-02-22 16:42:00,2.212
2014-02-22 16:47:00,1.938
2014-02-22 16:52:00,2.216
2014-02-22 16:57:00,1.976
2014-02-22 17:02:00,2.256
2014-02-22 17:07:00,1.984
2014-02-22 17:12:00,2.272
2014-02-22 17:17:00,1.966
2014-02-22 17:22:00,3.624
2014-02-22 17:27:00,2.032
2014-02-22 17:32:00,2.266
2014-02-22 17:37:00,1.96
2014-02-22 17:42:00,2.25
2014-02-22 17:47:00,1.956
2014-02-22 17:52:00,2.272
2014-02-22 17:57:00,2.028
2014-02-22 18:02:00,2.276
2014-02-22 18:07:00,2.01
2014-02-22 18:12:00,2.288
2014-02-22 18:17:00,3.224
2014-02-22 18:22:00,2.306
2014-02-22 18:27:00,2.056
2014-02-22 18:32:00,2.246
2014-02-22 18:37:00,2.004
2014-02-22 18:42:00,2.306
2014-02-22 18:47:00,2.044
2014-02-22 18:52:00,2.356
2014-02-22 18:57:00,2.134
2014-02-22 19:02:00,2.366
2014-02-22 19:07:00,2.116
2014-02-22 19:12:00,2.368
2014-02-22 19:17:00,3.35
2014-02-22 19:22:00,2.366
2014-02-22 19:27:00,2.096
2014-02-22 19:32:00,2.326
2014-02-22 19:37:00,2.034
2014-02-22 19:42:00,2.316
2014-02-22 19:47:00,2.022
2014-02-22 19:52:00,2.356
2014-02-22 19:57:00,2.084
2014-02-22 20:02:00,2.3
2014-02-22 20:07:00,2.084
2014-02-22 20:12:00,2.35
2014-02-22 20:17:00,2.31
2014-02-22 20:22:00,2.25
2014-02-22 20:27:00,1.984
2014-02-22 20:32:00,2.264
2014-02-22 20:37:00,2.044
2014-02-22 20:42:00,2.356
2014-02-22 20:47:00,2.062
2014-02-22 20:52:00,2.344
2014-02-22 20:57:00,2.078
2014-02-22 21:02:00,2.29
2014-02-22 21:07:00,2.04
2014-02-22 21:12:00,2.508
2014-02-22 21:17:00,1.966
2014-02-22 21:22:00,2.256
2014-02-22 21:27:00,2.006
2014-02-22 21:32:00,2.266
2014-02-22 21:37:00,1.984
2014-02-22 21:42:00,2.316
2014-02-22 21:47:00,2.05
2014-02-22 21:52:00,2.408
2014-02-22 21:57:00,3.5
2014-02-22 22:02:00,2.216
2014-02-22 22:07:00,1.956
2014-02-22 22:12:00,2.228
2014-02-22 22:17:00,1.952
2014-02-22 22:22:00,3.572
2014-02-22 22:27:00,1.894
2014-02-22 22:32:00,2.212
2014-02-22 22:37:00,1.96
2014-02-22 22:42:00,2.2
2014-02-22 22:47:00,1.972
2014-02-22 22:52:00,2.212
2014-02-22 22:57:00,2.028
2014-02-22 23:02:00,2.234
2014-02-22 23:07:00,1.968
2014-02-22 23:12:00,3.6
2014-02-22 23:17:00,2.006
2014-02-22 23:22:00,2.286
2014-02-22 23:27:00,2.038
2014-02-22 23:32:00,2.3
2014-02-22 23:37:00,1.988
2014-02-22 23:42:00,2.262
2014-02-22 23:47:00,2.012
2014-02-22 23:52:00,2.322
2014-02-22 23:57:00,2.106
